{"cameraMode":{"drawMode":0,"name":"Shaded","section":"Shading Mode"},"sceneLighting":false,"audioPlay":false,"sceneViewState":{"m_AlwaysRefresh":false,"showFog":true,"showSkybox":false,"showFlares":true,"showImageEffects":true,"showParticleSystems":true,"showVisualEffectGraphs":true,"m_FxEnabled":false},"in2DMode":false,"pivot":{"x":1.745058536529541,"y":1.3841526508331299,"z":-5.506527900695801},"rotation":{"x":0.17180772125720979,"y":0.09000420570373535,"z":-0.01572759822010994,"w":0.9808573722839356},"size":3.5833489894866945,"orthographic":false}