{"cameraMode":{"drawMode":0,"name":"Shaded","section":"Shading Mode"},"sceneLighting":false,"audioPlay":false,"sceneViewState":{"m_AlwaysRefresh":false,"showFog":true,"showSkybox":false,"showFlares":true,"showImageEffects":true,"showParticleSystems":true,"showVisualEffectGraphs":true,"m_FxEnabled":true},"in2DMode":false,"pivot":{"x":3.9165115356445314,"y":0.11366043984889984,"z":-10.258047103881836},"rotation":{"x":0.014169657602906227,"y":0.674231767654419,"z":0.012940321117639542,"w":-0.7382643222808838},"size":1.556570053100586,"orthographic":false}