{"cameraMode":{"drawMode":0,"name":"Shaded","section":"Shading Mode"},"sceneLighting":false,"audioPlay":false,"sceneViewState":{"m_AlwaysRefresh":false,"showFog":true,"showSkybox":false,"showFlares":true,"showImageEffects":true,"showParticleSystems":true,"showVisualEffectGraphs":true,"m_FxEnabled":false},"in2DMode":false,"pivot":{"x":0.7950470447540283,"y":5.039449691772461,"z":-3.3999998569488527},"rotation":{"x":0.1602669656276703,"y":0.11108043789863587,"z":-0.018188703805208207,"w":0.980655312538147},"size":15.173388481140137,"orthographic":false}