{"cameraMode":{"drawMode":0,"name":"Shaded","section":"Shading Mode"},"sceneLighting":false,"audioPlay":false,"sceneViewState":{"m_AlwaysRefresh":false,"showFog":true,"showSkybox":true,"showFlares":true,"showImageEffects":true,"showParticleSystems":true,"showVisualEffectGraphs":true,"m_FxEnabled":true},"in2DMode":false,"pivot":{"x":1.3303464651107789,"y":3.6403369903564455,"z":-6.024480819702148},"rotation":{"x":0.35779106616973879,"y":-0.06714732944965363,"z":0.02580679953098297,"w":0.9310272932052612},"size":0.5235986709594727,"orthographic":false}